-- Dev seed. NOT a migration. Idempotent via fixed UUIDs + ON CONFLICT DO NOTHING.
-- Group id 11111111-1111-1111-1111-111111111111 is shared by the integration
-- test and the mobile app.

INSERT INTO groups (id, name) VALUES
    ('11111111-1111-1111-1111-111111111111', 'Friday Film Club')
ON CONFLICT (id) DO NOTHING;

INSERT INTO users (id, name) VALUES
    ('a0000000-0000-0000-0000-000000000001', 'Ada'),
    ('a0000000-0000-0000-0000-000000000002', 'Blake'),
    ('a0000000-0000-0000-0000-000000000003', 'Cleo'),
    ('a0000000-0000-0000-0000-000000000004', 'Dev'),
    ('a0000000-0000-0000-0000-000000000005', 'Esme'),
    ('a0000000-0000-0000-0000-000000000006', 'Frankie')
ON CONFLICT (id) DO NOTHING;

INSERT INTO memberships (id, group_id, user_id, role, status, baseline_picks, rotation_position) VALUES
    ('b0000000-0000-0000-0000-000000000001', '11111111-1111-1111-1111-111111111111', 'a0000000-0000-0000-0000-000000000001', 'core', 'active', 0, 1),
    ('b0000000-0000-0000-0000-000000000002', '11111111-1111-1111-1111-111111111111', 'a0000000-0000-0000-0000-000000000002', 'core', 'active', 0, 2),
    ('b0000000-0000-0000-0000-000000000003', '11111111-1111-1111-1111-111111111111', 'a0000000-0000-0000-0000-000000000003', 'core', 'active', 0, 3),
    ('b0000000-0000-0000-0000-000000000004', '11111111-1111-1111-1111-111111111111', 'a0000000-0000-0000-0000-000000000004', 'core', 'active', 0, 4),
    ('b0000000-0000-0000-0000-000000000005', '11111111-1111-1111-1111-111111111111', 'a0000000-0000-0000-0000-000000000005', 'core', 'active', 0, 5),
    ('b0000000-0000-0000-0000-000000000006', '11111111-1111-1111-1111-111111111111', 'a0000000-0000-0000-0000-000000000006', 'guest', 'active', 0, 6)
ON CONFLICT (group_id, user_id) DO NOTHING;

-- Pick history for the turn ranking. Ada is intentionally absent (never picked
-- → top of the ranking). Dev's pick is NOT credited, so it must not count.
INSERT INTO picks (id, group_id, picker_id, is_credited, scheduled_for) VALUES
    ('c0000000-0000-0000-0000-000000000001', '11111111-1111-1111-1111-111111111111', 'a0000000-0000-0000-0000-000000000002', true,  '2026-05-01'),  -- Blake
    ('c0000000-0000-0000-0000-000000000002', '11111111-1111-1111-1111-111111111111', 'a0000000-0000-0000-0000-000000000003', true,  '2026-04-10'),  -- Cleo (older)
    ('c0000000-0000-0000-0000-000000000003', '11111111-1111-1111-1111-111111111111', 'a0000000-0000-0000-0000-000000000005', true,  '2026-05-15'),  -- Esme
    ('c0000000-0000-0000-0000-000000000004', '11111111-1111-1111-1111-111111111111', 'a0000000-0000-0000-0000-000000000004', false, '2026-05-22')   -- Dev (NOT credited)
ON CONFLICT (id) DO NOTHING;
